object,base,base_progs,base_xlated,base_jited,user,user_xlated,user_jited,kernel,kernel_xlated,kernel_jited,always,always_xlated,always_jited
evaluation_compile_speed_speed_100.o,fail,0,0,0,fail,0,0,fail,0,0,fail,0,0
evaluation_compile_speed_speed_120.o,fail,0,0,0,fail,0,0,fail,0,0,fail,0,0
evaluation_compile_speed_speed_20.o,fail,0,0,0,fail,0,0,fail,0,0,fail,0,0
evaluation_compile_speed_speed_30.o,fail,0,0,0,fail,0,0,fail,0,0,fail,0,0
evaluation_compile_speed_speed_50.o,fail,0,0,0,fail,0,0,fail,0,0,fail,0,0
evaluation_compile_speed_speed_70.o,fail,0,0,0,fail,0,0,fail,0,0,fail,0,0
evaluation_counter_complex.o,fail,0,0,0,fail,0,0,fail,0,0,fail,0,0
evaluation_counter_complex2.o,ok,1,168,109,ok,192,125,ok,192,125,ok,192,125
evaluation_counter_loop1.o,ok,1,832,545,ok,848,545,ok,848,545,ok,848,545
evaluation_counter_loop1med.o,ok,1,272,195,ok,288,195,ok,288,195,ok,288,195
evaluation_counter_loop1sim.o,ok,1,272,192,ok,288,192,ok,288,192,ok,288,192
evaluation_counter_loop2.o,ok,1,96,71,ok,104,73,ok,96,68,ok,96,68
evaluation_counter_loop3.o,ok,1,192,116,ok,192,116,ok,88,64,ok,88,64
evaluation_counter_loop4.o,ok,1,128,96,ok,136,100,ok,96,71,ok,96,71
evaluation_counter_loopnested.o,ok,1,64,49,ok,72,51,ok,72,51,ok,72,51
evaluation_counter_loopwithif.o,ok,1,168,130,ok,192,132,ok,192,132,ok,192,132
evaluation_div_by_zero_div_by_zero.o,ok,1,16,20,ok,16,20,ok,16,20,ok,16,20
evaluation_div_by_zero_div_by_zero2.o,ok,1,80,59,ok,80,59,ok,72,54,ok,72,54
evaluation_masking_map_val_accepted.o,ok,1,576,325,ok,528,411,ok,528,411,ok,528,411
evaluation_masking_map_val_rejected.o,ok,1,560,319,ok,520,407,ok,520,407,ok,520,407
evaluation_masking_mask.o,ok,1,264,159,ok,184,152,ok,184,152,ok,184,152
evaluation_masking_masksimple.o,ok,1,48,43,ok,48,43,ok,48,43,ok,48,43
evaluation_msan_msan1.o,ok,1,96,68,ok,80,65,ok,64,58,ok,64,58
evaluation_msan_msan2.o,ok,1,144,87,ok,144,87,ok,144,87,ok,144,87
evaluation_msan_msan3.o,ok,1,136,107,ok,128,109,ok,120,105,ok,120,105
evaluation_msan_simpl1.o,ok,1,80,63,ok,72,58,ok,56,51,ok,56,51
evaluation_msan_simpl2.o,ok,1,16,20,ok,16,20,ok,16,20,ok,16,20
evaluation_msan_simpl3.o,ok,1,16,20,ok,16,20,ok,16,20,ok,16,20
hbm_edt_kern.o,ok,1,2376,1344,ok,2512,1379,ok,2512,1379,ok,2512,1379
hbm_out_kern.o,ok,1,2304,1344,ok,2464,1377,ok,2464,1377,ok,2464,1377
ibumad_kern.o,ok,3,984,579,ok,960,585,ok,960,585,ok,960,585
lathist_kern.o,ok,2,984,566,ok,1048,582,ok,1048,582,ok,1048,582
lwt_len_hist.bpf.o,fail,0,0,0,fail,0,0,fail,0,0,fail,0,0
map_perf_test.bpf.o,ok,8,14792,8470,ok,14672,8447,ok,14624,8430,ok,14624,8430
parse_ldabs.o,fail,0,0,0,fail,0,0,fail,0,0,fail,0,0
parse_simple.o,fail,0,0,0,fail,0,0,fail,0,0,fail,0,0
parse_varlen.o,fail,0,0,0,fail,0,0,fail,0,0,fail,0,0
progs_alu64.o,ok,1,64,53,ok,56,50,ok,56,50,ok,56,50
progs_compact_opt.o,ok,1,56,45,ok,56,45,ok,48,40,ok,48,40
progs_counter.o,fail,0,0,0,fail,0,0,fail,0,0,fail,0,0
progs_empty.o,ok,1,16,20,ok,16,20,ok,16,20,ok,16,20
progs_filter.o,fail,0,0,0,fail,0,0,fail,0,0,fail,0,0
progs_fn_nonrejected_uninit_var_access.o,ok,1,56,48,ok,56,48,ok,48,43,ok,48,43
progs_fn_oob.o,ok,1,16,20,ok,16,20,ok,16,20,ok,16,20
progs_hashmap.o,fail,0,0,0,fail,0,0,fail,0,0,fail,0,0
progs_latency.o,fail,0,0,0,fail,0,0,fail,0,0,fail,0,0
progs_libbpf_bootstrap.bpf.o,ok,2,1176,676,ok,1120,669,ok,1120,669,ok,1120,669
progs_libbpf_ksyscall.bpf.o,ok,2,864,551,ok,824,531,ok,824,531,ok,824,531
progs_libbpf_lsm.bpf.o,fail,0,0,0,fail,0,0,fail,0,0,fail,0,0
progs_libbpf_minimal.bpf.o,ok,1,104,68,ok,104,68,ok,96,66,ok,96,66
progs_libbpf_minimal_legacy.bpf.o,ok,1,312,179,ok,288,174,ok,280,172,ok,280,172
progs_libbpf_minimal_ns.bpf.o,ok,1,168,112,ok,168,112,ok,168,112,ok,168,112
progs_libbpf_profile.bpf.o,ok,1,360,213,ok,360,214,ok,360,214,ok,360,214
progs_libbpf_sockfilter.bpf.o,ok,1,600,356,ok,648,371,ok,648,371,ok,648,371
progs_libbpf_task_iter.bpf.o,ok,1,392,238,ok,368,224,ok,368,224,ok,368,224
progs_libbpf_uprobe.bpf.o,ok,4,240,184,ok,240,184,ok,240,184,ok,240,184
progs_loop1.o,fail,0,0,0,fail,0,0,fail,0,0,fail,0,0
progs_loop2.o,ok,1,128,96,ok,136,98,ok,112,85,ok,112,85
progs_loop3.o,ok,1,56,46,ok,56,46,ok,56,46,ok,56,46
progs_map1.o,ok,1,40,38,ok,40,38,ok,40,38,ok,40,38
progs_mask.o,ok,1,168,120,ok,168,120,ok,168,120,ok,168,120
progs_mem1.o,fail,0,0,0,fail,0,0,fail,0,0,fail,0,0
progs_mem2.o,ok,1,448,293,ok,360,284,ok,352,279,ok,352,279
progs_ringbuf.o,ok,1,104,67,ok,104,67,ok,104,67,ok,104,67
progs_simple1.o,ok,1,48,43,ok,48,43,ok,48,43,ok,48,43
progs_simple2.o,ok,1,64,51,ok,64,51,ok,56,48,ok,56,48
progs_str.o,ok,1,72,61,ok,72,61,ok,72,61,ok,72,61
progs_tengjiang_access_control.o,ok,2,400,260,ok,432,266,ok,432,266,ok,432,266
progs_tengjiang_simple_trace.o,ok,1,72,51,ok,72,51,ok,56,45,ok,56,45
progs_tengjiang_syscount.o,ok,1,320,192,ok,312,194,ok,312,194,ok,312,194
progs_tengjiang_unbounded_loop.o,fail,0,0,0,fail,0,0,fail,0,0,fail,0,0
progs_tengjiang_xdp.o,ok,1,168,111,ok,224,133,ok,216,130,ok,216,130
progs_test_asm.o,ok,1,1040,559,ok,1040,558,ok,824,467,ok,824,467
sampleip_kern.o,ok,1,216,132,ok,208,131,ok,208,131,ok,208,131
sock_flags.bpf.o,ok,2,704,464,ok,672,462,ok,640,445,ok,640,445
sockex1_kern.o,fail,0,0,0,fail,0,0,fail,0,0,fail,0,0
sockex2_kern.o,fail,0,0,0,fail,0,0,fail,0,0,fail,0,0
sockex3_kern.o,ok,5,4304,2791,ok,4384,2803,ok,4384,2803,ok,4384,2803
spintest.bpf.o,ok,6,1632,1008,ok,1632,1008,ok,1632,1008,ok,1632,1008
syscall_tp_kern.o,ok,6,960,564,ok,864,570,ok,864,570,ok,864,570
task_fd_query_kern.o,ok,2,32,40,ok,32,40,ok,32,40,ok,32,40
tc_l2_redirect_kern.o,fail,0,0,0,fail,0,0,fail,0,0,fail,0,0
tcbpf1_kern.o,fail,0,0,0,fail,0,0,fail,0,0,fail,0,0
tcp_basertt_kern.o,ok,1,448,284,ok,504,310,ok,488,304,ok,488,304
tcp_bufs_kern.o,ok,1,440,275,ok,424,271,ok,408,266,ok,408,266
tcp_clamp_kern.o,ok,1,872,519,ok,864,525,ok,848,519,ok,848,519
tcp_cong_kern.o,ok,1,480,298,ok,496,316,ok,480,310,ok,480,310
tcp_dumpstats_kern.o,fail,0,0,0,fail,0,0,fail,0,0,fail,0,0
tcp_iw_kern.o,ok,1,512,319,ok,488,313,ok,472,307,ok,472,307
tcp_rwnd_kern.o,ok,1,352,221,ok,384,233,ok,368,227,ok,368,227
tcp_synrto_kern.o,ok,1,344,220,ok,392,240,ok,376,234,ok,376,234
tcp_tos_reflect_kern.o,ok,1,624,371,ok,640,377,ok,624,371,ok,624,371
test_cgrp2_tc.bpf.o,fail,0,0,0,fail,0,0,fail,0,0,fail,0,0
test_current_task_under_cgroup.bpf.o,ok,1,176,109,ok,168,111,ok,168,111,ok,168,111
test_map_in_map.bpf.o,ok,1,1264,678,ok,1240,683,ok,1240,683,ok,1240,683
test_overhead_raw_tp.bpf.o,ok,2,32,40,ok,32,40,ok,32,40,ok,32,40
test_overhead_tp.bpf.o,ok,2,32,40,ok,32,40,ok,32,40,ok,32,40
test_probe_write_user.bpf.o,ok,1,512,283,ok,480,273,ok,480,273,ok,480,273
trace_event_kern.o,ok,1,1184,778,ok,1136,770,ok,1104,754,ok,1104,754
trace_output.bpf.o,ok,1,120,83,ok,112,82,ok,112,82,ok,112,82
tracex2.bpf.o,ok,2,1184,665,ok,1216,686,ok,1216,686,ok,1216,686
tracex3.bpf.o,ok,2,1024,576,ok,1048,594,ok,1048,594,ok,1048,594
tracex4.bpf.o,ok,2,264,171,ok,256,173,ok,256,173,ok,256,173
tracex5.bpf.o,ok,4,904,684,ok,840,669,ok,824,663,ok,824,663
tracex7.bpf.o,ok,1,32,32,ok,32,32,ok,32,32,ok,32,32
xdp2skb_meta_kern.o,fail,0,0,0,fail,0,0,fail,0,0,fail,0,0
xdp_adjust_tail_kern.o,fail,0,0,0,fail,0,0,fail,0,0,fail,0,0
xdp_fwd_kern.o,fail,0,0,0,fail,0,0,fail,0,0,fail,0,0
xdp_router_ipv4.bpf.o,fail,0,0,0,fail,0,0,fail,0,0,fail,0,0
xdp_router_ipv4.lbpf.o,fail,0,0,0,fail,0,0,fail,0,0,fail,0,0
xdp_tx_iptunnel_kern.o,ok,1,2272,1308,ok,2384,1387,ok,2384,1387,ok,2384,1387
